{"train_losses": [4.835774927893105, 1.8083835657247727, 1.778616102412343, 1.8099941979436314, 1.7593838129849995, 1.810668587903766, 1.8760045709855415, 1.8580386463333578, 1.8269528173567617, 1.826653014320661, 1.863085290088373, 1.9225435949423735, 1.895288234028746, 1.9235223022782628, 1.9913290725911366, 1.892595542485223, 1.954259771552375, 2.1493315352674793, 1.714536548099097, 3.405362949679222, 3.4911036099142887, 3.062190332367797, 1.8418660775265272, 1.9722261130261947, 1.8294451998218018, 1.9087964047075194, 1.8373387703014648, 1.929709106848082, 1.95786496407955, 1.9707388737622429, 1.9880851544439793, 1.8317186639589422, 1.8113686366773702, 1.9070309555048452, 1.934661991236841, 1.882938611704637, 2.129196027841638, 2.982335155172383, 3.060662954580039, 2.656341200858793, 2.631518803345149, 2.257705180796192, 2.020300267264247, 2.0989445240839437, 2.113085746929488, 2.1185705216930195, 2.079239893321167, 2.159464750548496, 2.1940800260807225, 2.1370180174982285], "val_losses": [1.5550794402758281, 1.8282430052757264, 2.6143294711907705, 1.779203458627065, 1.9279953102270762, 2.215958225727081, 1.97203262646993, 1.9804689745108286, 2.389640684922536, 2.271723210811615, 2.1189351956049602, 1.3342409392197927, 2.2555242518583936, 2.799228890736898, 1.802859858671824, 1.6126115689675014, 2.0822791958848637, 1.6428934494654337, 1.6620811561743418, 4.4847849686940515, 4.262747895717621, 2.0724755118290585, 2.3590884546438855, 2.6252407441536585, 1.8857440918684005, 1.6853910485903423, 2.1851091583569846, 2.0277831216653186, 1.8961201628049216, 3.7539952596028647, 2.942971485853195, 1.792999396721522, 1.721101055542628, 2.2552977095047635, 1.869968224565188, 1.3961026986440024, 2.4623057107130686, 2.864906597137451, 2.9910228768984477, 3.5298752963542936, 3.2934588233629865, 2.125871631503105, 3.4666879018147787, 1.645125444730123, 2.595633194843928, 1.7257395605246226, 2.0684210414687794, 2.512854480743408, 2.883898044625918, 2.1500401283303896], "best_val_loss": 1.3342409392197927}