{"train_losses": [4.222720474114313, 1.8389230074689669, 1.7929476795389372, 1.7414914789226126, 1.7681262943455403, 1.7573847783839, 1.767964275992092, 1.812164242434151, 2.4277989480863598, 2.53918481097721, 2.6123329855720785, 2.5984620854039404, 2.5955548666362813, 3.192379155733814, 3.202035338865244, 3.182572624736007, 3.195269172975232, 3.0887896917265607, 2.7416925443445934, 2.7748171006849804, 2.766311215072432, 2.5544478251763127, 2.7073067915078033, 2.72013321183348, 2.6692490400472546, 2.740089325357557, 2.7710148295223274, 2.7421151059679687, 2.715365711983074, 3.155705277068431, 2.579488569596673, 2.679688825162456, 2.6915081779417744, 2.81449089882731, 2.7763033709762728, 2.794582389521084, 2.933494595105431, 2.821044729666456, 2.692974356468767, 2.7139965452199033, 2.7440808303380275, 2.883851963095367, 2.837373150882366, 2.8022057284491466, 2.8288008201223636, 2.8298607274259933, 2.793020253590144, 2.775268320213346, 2.75129729544963, 2.7778999260078896], "val_losses": [1.9143685777982076, 2.2345806221167246, 1.747151074806849, 1.9081376294294994, 1.6068033238252004, 1.571133655309677, 2.215756199757258, 2.9799532532691955, 2.8245906243721643, 2.5076473385095595, 4.785986296335856, 2.4124507000048956, 4.074697091182073, 3.200720564229414, 3.240994126504908, 3.199302436015569, 3.1813068256092567, 2.8827554543813068, 3.2223680223027866, 2.9269507750868797, 2.4340219606955844, 3.0840790271759033, 2.8995064756522577, 2.4213347623745602, 2.932391193260749, 3.232183599472046, 2.5109942495822906, 2.755015754699707, 2.617798020442327, 2.6770827770233154, 3.4215317239363987, 2.466236831744512, 3.003061268726985, 3.8610534831881522, 4.2202176729838055, 2.6939944714307784, 2.9299000322197872, 2.4538721958796184, 2.7800016169746717, 3.100316679974397, 3.274272499481837, 4.0681094845136005, 4.1243008444706595, 3.3805371599892777, 2.749996694922447, 2.41900436381499, 3.0451906780401865, 3.1066111584504443, 2.4353634546200436, 2.5859438359737394], "best_val_loss": 1.571133655309677}