{"train_losses": [4.370151787996292, 2.0119117898318697, 1.9736577024792923, 2.2546321491108223, 1.8718451248372303, 1.9387383884476388, 1.991106676266474, 1.9275265382054974, 1.9422061884885324, 2.0215931736371098, 1.9802238047122955, 2.089540637536522, 1.980592613984995, 1.9964234018150497, 2.0113970395177603, 2.0769319938057484, 2.1038731024326647, 2.08899407735204, 2.0982038955587674, 2.1498178437297395, 2.1365488377564095, 2.117807204122929, 2.077264950364171, 2.123494601342827, 2.0377906708265927, 2.149660704493084, 4.349345607696758, 1.6765867668916197, 1.8395946033518105, 2.0102744193418935, 2.0176615435904, 2.082103814381887, 2.1015007767333267, 2.0488117506234524, 2.1080151370123907, 2.2374206406119117, 2.1635604083045004, 2.1481462452998934, 2.1490658123374864, 2.151224947424934, 1.9934590558302314, 2.119604161940515, 2.15328742585638, 2.0636129132745897, 2.1323259567622754, 2.248561153489658, 2.100352798889884, 2.1670996175585864, 2.2092994666822694, 2.0414652292452313], "val_losses": [1.6322288274765016, 1.6903117736180624, 3.3346894065539043, 1.5641151835521063, 3.2188339342673618, 2.156229724486669, 4.22098696231842, 2.1977403223514558, 1.5919952054818471, 3.2037126262982687, 2.564047771692276, 2.145296267668406, 2.698207771778107, 2.6849908590316773, 2.550895107785861, 2.5410171926021574, 2.909196071823438, 2.0301179746786753, 2.137503944337368, 2.0117516299088796, 2.6870228151480355, 1.8217040956020356, 2.7722296635309855, 1.5197276731332143, 2.5030230899651844, 5.696818455060323, 2.071926156679789, 1.8681817253430684, 1.3236442108949025, 1.803888835509618, 3.085609516501427, 2.222505581378937, 1.8218483050664267, 3.357634805639585, 2.045033414165179, 2.3336316029230755, 2.0650560528039934, 2.2963647946715353, 2.107593335211277, 2.0903481473525365, 3.6871290455261865, 2.5513624424735704, 2.131731880704562, 2.2983449811736745, 3.205591670672099, 2.118575351933638, 2.5607298359274866, 2.3041714429855347, 2.0328778405984242, 3.7839357197284698], "best_val_loss": 1.3236442108949025}