{"train_losses": [5.1880116381627674, 2.3186141984427677, 2.2190778723315283, 2.1572323872105166, 2.1014535631984472, 1.906045241500525, 2.401457268251654, 2.132345976527123, 2.0083447467974005, 2.168402589748011, 2.0341502252747032, 2.047514439231771, 2.0680392391103157, 2.1007873017121765, 2.102356274557464, 2.1018335671328447, 2.086373238988659, 2.1189898898934616, 2.3276263827677157, 2.1554132841856166, 2.3806642100543662, 3.9155858169748066, 2.780801359591458, 1.78859443173689, 1.8034041324520813, 1.8099314640550053, 1.866643084322705, 1.8698910932768793, 1.8746442697284853, 1.9130251862327843, 1.934760247302406, 1.9131160496788866, 1.9250278312932043, 1.8805378577945864, 1.9161172483992928, 1.9275999171111513, 1.8923901983481997, 1.9555625345777063, 2.1872206820613322, 1.9683108494671828, 2.0562501048450086, 1.9854486742440391, 2.0310964594759486, 2.012691993047209, 2.0483040473259546, 2.0109470844378365, 2.1696884481181553, 2.1594782219925786, 2.02230059722548, 1.8393013294347946], "val_losses": [2.4509583711624146, 2.2860527455806734, 1.8520003835360208, 4.206880597273509, 1.6488432705402374, 1.7290010531743367, 1.6770374347766241, 2.0501595159371693, 2.149267084399859, 2.3411482612291974, 1.9394528845945993, 2.325232994556427, 2.072985397775968, 2.0245193958282472, 2.681088844935099, 3.756569170951843, 1.5299982269605001, 2.096763025720914, 3.47475350300471, 2.44159866720438, 2.7921874870856604, 5.17175727263093, 1.582652481396993, 1.7142274727423985, 1.537906680504481, 1.8116583784421285, 1.6659467776616415, 1.9240018824736278, 2.703139078617096, 2.3359459906816484, 2.0791584779818852, 2.3900975426038107, 1.535334821542104, 2.4831550816694894, 1.7501141528288524, 2.8909745236237843, 3.0267139951388042, 4.0760961671670275, 1.4421227514743804, 1.545575096209844, 2.132228476802508, 1.8612988372643788, 1.634678840637207, 2.0249379595120747, 2.098573992649714, 3.3596117834250134, 2.2070116211970645, 1.9455923517545064, 1.8155851980050406, 2.02354356944561], "best_val_loss": 1.4421227514743804}