{"train_losses": [4.410866626812255, 1.9375579017488396, 1.8540124218253529, 1.9447703068966375, 1.884646310525782, 1.8442630029338247, 1.8352697627509342, 1.8769345699864275, 2.175512205261518, 1.8187580171095974, 1.9334206814494204, 1.9418775675380056, 1.9658233151387643, 1.9595368210883701, 2.3427754695362903, 1.595571884447161, 1.7331292295061491, 1.8706045959363966, 1.854882282040575, 1.8702865566181786, 1.915785729939885, 1.9833173770457506, 1.9220846196746124, 1.9629209772409761, 1.9994035809684325, 2.0528995386763094, 2.051344511537429, 1.987021285273573, 2.053807771709912, 2.1141405195983896, 2.0941327062764152], "val_losses": [2.0447725196679434, 1.9610382745663324, 3.262420263886452, 1.7869688073794048, 2.8364994366963705, 1.4948128859202068, 1.827156231800715, 2.2366242388884228, 2.0224583874146145, 2.079527833064397, 3.004872743288676, 1.887349342306455, 4.350814628601074, 1.8737416903177897, 1.5380547046661377, 2.160621361931165, 2.227422497669856, 2.3088967661062876, 1.7673756698767344, 2.3610183080037435, 2.092320614059766, 1.646749480565389, 2.892327692111333, 1.4901876757542292, 1.7468164126078287, 2.511572770277659, 2.773054288824399, 1.796770950158437, 1.5438685198624928, 2.3897932812571527, 2.3583969960610074], "best_val_loss": 1.4901876757542292}